{"cameraMode":{"drawMode":0,"name":"Shaded","section":"Shading Mode"},"sceneLighting":false,"audioPlay":false,"sceneViewState":{"showFog":true,"showMaterialUpdate":false,"showSkybox":true,"showFlares":true,"showImageEffects":true,"showParticleSystems":true},"in2DMode":false,"pivot":{"x":85.9749755859375,"y":14.467552185058594,"z":-14.258251190185547},"rotation":{"x":-0.11171628534793854,"y":0.007540957536548376,"z":-0.0008439728990197182,"w":-0.9937111735343933},"size":84.28317260742188,"orthographic":false}