{"cameraMode":{"drawMode":0,"name":"Shaded","section":"Shading Mode"},"sceneLighting":true,"audioPlay":false,"sceneViewState":{"showFog":true,"showMaterialUpdate":false,"showSkybox":true,"showFlares":true,"showImageEffects":true,"showParticleSystems":true},"in2DMode":false,"pivot":{"x":84.45735168457031,"y":25.44496726989746,"z":7.128963470458984},"rotation":{"x":0.009522821754217148,"y":0.07800501585006714,"z":0.0007489696727134287,"w":-0.9969072341918945},"size":102.44025421142578,"orthographic":false}