{"cameraMode":{"drawMode":0,"name":"Shaded","section":"Shading Mode"},"sceneLighting":false,"audioPlay":false,"sceneViewState":{"showFog":true,"showMaterialUpdate":false,"showSkybox":true,"showFlares":true,"showImageEffects":true,"showParticleSystems":true},"in2DMode":false,"pivot":{"x":0.0,"y":-0.7696433067321777,"z":-0.02800130844116211},"rotation":{"x":-0.028750821948051454,"y":0.9703295826911926,"z":-0.14695841073989869,"w":-0.1898346096277237},"size":36.0538444519043,"orthographic":false}