{"cameraMode":{"drawMode":0,"name":"Shaded","section":"Shading Mode"},"sceneLighting":true,"audioPlay":false,"sceneViewState":{"showFog":true,"showMaterialUpdate":false,"showSkybox":true,"showFlares":true,"showImageEffects":true,"showParticleSystems":true},"in2DMode":false,"pivot":{"x":100.83448028564453,"y":11.911895751953125,"z":2.6512680053710939},"rotation":{"x":0.11519252508878708,"y":0.0788816288113594,"z":-0.009175884537398816,"w":0.9901637434959412},"size":74.36618041992188,"orthographic":false}