{"cameraMode":{"drawMode":0,"name":"Shaded","section":"Shading Mode"},"sceneLighting":false,"audioPlay":false,"sceneViewState":{"showFog":true,"showMaterialUpdate":false,"showSkybox":true,"showFlares":true,"showImageEffects":true,"showParticleSystems":true},"in2DMode":false,"pivot":{"x":10.399999618530274,"y":9.747529983520508,"z":-10.299999237060547},"rotation":{"x":-0.05472823977470398,"y":0.903832733631134,"z":-0.121668741106987,"w":-0.40655627846717837},"size":57.827396392822269,"orthographic":false}